{
  "dlinear": {
    "mse_gdp": 1.5987263917922974,
    "mse_inf": 3.9520294666290283,
    "mae_gdp": 0.6448647379875183,
    "mae_inf": 1.1872539520263672,
    "mse_overall": 2.7753777503967285
  },
  "numerical_gru": {
    "mse_gdp": 1.4850763082504272,
    "mse_inf": 3.911350965499878,
    "mae_gdp": 0.6645109057426453,
    "mae_inf": 1.1737911701202393,
    "mse_overall": 2.698214054107666
  },
  "gr_add": {
    "mse_gdp": 1.5201635360717773,
    "mse_inf": 4.335408687591553,
    "mae_gdp": 0.6817892789840698,
    "mae_inf": 1.2333619594573975,
    "mse_overall": 2.927786350250244
  }
}