{
  "dlinear": {
    "mse_gdp": 1.5682333707809448,
    "mse_inf": 4.667316913604736,
    "mae_gdp": 0.7194322347640991,
    "mae_inf": 1.354858160018921,
    "mse_overall": 3.1177752017974854
  },
  "numerical_gru": {
    "mse_gdp": 1.4655704498291016,
    "mse_inf": 4.227854251861572,
    "mae_gdp": 0.6345962882041931,
    "mae_inf": 1.2643134593963623,
    "mse_overall": 2.846712112426758
  },
  "gr_add": {
    "mse_gdp": 1.4840084314346313,
    "mse_inf": 3.683570146560669,
    "mae_gdp": 0.6715594530105591,
    "mae_inf": 1.1565296649932861,
    "mse_overall": 2.583789348602295
  }
}