{
  "dlinear": {
    "mse_gdp": 1.6404836177825928,
    "mse_inf": 3.658503293991089,
    "mae_gdp": 0.6534050703048706,
    "mae_inf": 1.2338587045669556,
    "mse_overall": 2.6494932174682617
  },
  "numerical_gru": {
    "mse_gdp": 1.5026609897613525,
    "mse_inf": 4.0111775398254395,
    "mae_gdp": 0.683026909828186,
    "mae_inf": 1.1870992183685303,
    "mse_overall": 2.7569191455841064
  },
  "gr_add": {
    "mse_gdp": 1.445483922958374,
    "mse_inf": 3.835047960281372,
    "mae_gdp": 0.6423219442367554,
    "mae_inf": 1.2109410762786865,
    "mse_overall": 2.640266180038452
  }
}