{
  "dlinear": {
    "mse_gdp": 1.7970068454742432,
    "mse_inf": 4.233917236328125,
    "mae_gdp": 0.6618291735649109,
    "mae_inf": 1.2400784492492676,
    "mse_overall": 3.0154621601104736
  },
  "numerical_gru": {
    "mse_gdp": 1.51365065574646,
    "mse_inf": 4.300347805023193,
    "mae_gdp": 0.7079854011535645,
    "mae_inf": 1.2626004219055176,
    "mse_overall": 2.906999111175537
  },
  "gr_add": {
    "mse_gdp": 1.4946454763412476,
    "mse_inf": 4.249619483947754,
    "mae_gdp": 0.6760276556015015,
    "mae_inf": 1.2857885360717773,
    "mse_overall": 2.8721320629119873
  }
}