{
  "dlinear": {
    "mse_gdp": 1.3435618877410889,
    "mse_inf": 4.026639938354492,
    "mae_gdp": 0.6780121922492981,
    "mae_inf": 1.238847017288208,
    "mse_overall": 2.685101270675659
  },
  "numerical_gru": {
    "mse_gdp": 1.483342170715332,
    "mse_inf": 4.198080539703369,
    "mae_gdp": 0.6705055832862854,
    "mae_inf": 1.2339333295822144,
    "mse_overall": 2.8407111167907715
  },
  "gr_add": {
    "mse_gdp": 1.4473114013671875,
    "mse_inf": 3.9090144634246826,
    "mae_gdp": 0.6500455141067505,
    "mae_inf": 1.1711649894714355,
    "mse_overall": 2.6781628131866455
  }
}